id,category,severity,title,latitude,longitude,occurred_at,source
INC-0001,POOR_LIGHTING_HAZARD,LOW,Poor Lighting Hazard near Pine Green Way 17,37.763988,-122.431264,2026-06-01T23:14:01.583459Z,PUBLIC_SAFETY_LOG
INC-0002,TRAFFIC_ACCIDENT,LOW,Traffic Accident near Pine Green Way 76,37.787752,-122.432529,2026-06-27T20:17:41.084509Z,PUBLIC_SAFETY_LOG
INC-0003,THEFT,HIGH,Theft near Pine Green Way 61,37.781413,-122.431709,2026-07-28T06:53:11.306167Z,POLICE_ARCHIVE
INC-0004,THEFT,HIGH,Theft near Market Cross 59,37.779261,-122.400033,2026-06-06T22:09:01.400897Z,POLICE_ARCHIVE
INC-0005,POOR_LIGHTING_HAZARD,MEDIUM,Poor Lighting Hazard near Pine Green Way 92,37.793202,-122.41468,2026-07-15T02:04:15.834846Z,PUBLIC_SAFETY_LOG
INC-0006,TRAFFIC_ACCIDENT,LOW,Traffic Accident near Pine Green Way 49,37.781454,-122.434656,2026-07-15T07:22:51.124555Z,PUBLIC_SAFETY_LOG
INC-0007,HARASSMENT,HIGH,Harassment near Market Cross 84,37.78804,-122.402744,2026-08-11T08:36:59.472229Z,POLICE_ARCHIVE
INC-0008,POOR_LIGHTING_HAZARD,MEDIUM,Poor Lighting Hazard near Market Cross 44,37.77033,-122.394696,2026-08-06T05:29:36.718979Z,PUBLIC_SAFETY_LOG
INC-0009,TRAFFIC_ACCIDENT,HIGH,Traffic Accident near Pine Green Way 20,37.76419,-122.423853,2026-08-17T13:12:23.195629Z,POLICE_ARCHIVE
INC-0010,POOR_LIGHTING_HAZARD,MEDIUM,Poor Lighting Hazard near Pine Green Way 17,37.763892,-122.430969,2026-08-05T12:34:55.489232Z,PUBLIC_SAFETY_LOG
INC-0011,HARASSMENT,HIGH,Harassment near Market Cross 93,37.793347,-122.413528,2026-08-16T14:45:20.493894Z,POLICE_ARCHIVE
INC-0012,HARASSMENT,HIGH,Harassment near Market Cross 29,37.769475,-122.401026,2026-08-16T10:12:36.828188Z,POLICE_ARCHIVE
INC-0013,TRAFFIC_ACCIDENT,HIGH,Traffic Accident near Central Ave Sec 72,37.788084,-122.400491,2026-07-11T11:19:24.027499Z,POLICE_ARCHIVE
INC-0014,VANDALISM,MEDIUM,Vandalism near Pine Green Way 4,37.757854,-122.427125,2026-08-05T01:08:37.004437Z,PUBLIC_SAFETY_LOG
INC-0015,SUSPICIOUS_ACTIVITY,LOW,Suspicious Activity near Market Cross 73,37.781485,-122.395803,2026-03-31T19:08:10.023298Z,PUBLIC_SAFETY_LOG
INC-0016,THEFT,MEDIUM,Theft near Pine Green Way 49,37.777982,-122.435094,2026-06-30T17:47:55.807678Z,PUBLIC_SAFETY_LOG
INC-0017,PHYSICAL_ASSAULT,CRITICAL,Physical Assault near Pine Green Way 20,37.763748,-122.426832,2026-08-08T01:37:30.259446Z,POLICE_ARCHIVE
INC-0018,TRAFFIC_ACCIDENT,CRITICAL,Traffic Accident near Central Ave Sec 54,37.776203,-122.412526,2026-07-29T18:45:40.973375Z,POLICE_ARCHIVE
INC-0019,POOR_LIGHTING_HAZARD,LOW,Poor Lighting Hazard near Grand Blvd Sec 68,37.782214,-122.408979,2026-07-16T01:43:47.026631Z,PUBLIC_SAFETY_LOG
INC-0020,HARASSMENT,HIGH,Harassment near Pine Green Way 18,37.768982,-122.435008,2026-07-24T14:22:09.202607Z,POLICE_ARCHIVE
INC-0021,VANDALISM,LOW,Vandalism near Grand Blvd Sec 69,37.786716,-122.413825,2026-06-16T22:15:27.841983Z,PUBLIC_SAFETY_LOG
INC-0022,TRAFFIC_ACCIDENT,CRITICAL,Traffic Accident near Central Ave Sec 56,37.775958,-122.407167,2026-07-17T14:23:39.426840Z,POLICE_ARCHIVE
INC-0023,VANDALISM,HIGH,Vandalism near Central Ave Sec 38,37.770477,-122.420441,2026-06-17T05:03:20.235925Z,POLICE_ARCHIVE
INC-0024,VANDALISM,HIGH,Vandalism near Market Cross 12,37.760281,-122.40769,2026-08-01T02:26:15.070428Z,POLICE_ARCHIVE
INC-0025,HARASSMENT,HIGH,Harassment near Market Cross 44,37.770635,-122.398683,2026-07-11T20:32:52.329746Z,POLICE_ARCHIVE
INC-0026,HARASSMENT,MEDIUM,Harassment near Market Cross 45,37.774378,-122.399332,2026-08-10T16:56:32.006605Z,PUBLIC_SAFETY_LOG
INC-0027,PHYSICAL_ASSAULT,CRITICAL,Physical Assault near Pine Green Way 78,37.788652,-122.427376,2026-04-21T22:24:42.523155Z,POLICE_ARCHIVE
INC-0028,HARASSMENT,HIGH,Harassment near Market Cross 88,37.792933,-122.40015,2026-07-12T15:15:38.914275Z,POLICE_ARCHIVE
INC-0029,THEFT,HIGH,Theft near Market Cross 9,37.758327,-122.411303,2026-07-16T09:10:08.959715Z,POLICE_ARCHIVE
INC-0030,SUSPICIOUS_ACTIVITY,MEDIUM,Suspicious Activity near Market Cross 60,37.778531,-122.39294,2026-08-18T08:40:31.798914Z,PUBLIC_SAFETY_LOG
INC-0031,HARASSMENT,HIGH,Harassment near Market Cross 60,37.779592,-122.393047,2026-08-19T05:04:15.794365Z,POLICE_ARCHIVE
INC-0032,THEFT,MEDIUM,Theft near Pine Green Way 78,37.788294,-122.425081,2026-08-16T20:19:40.959569Z,PUBLIC_SAFETY_LOG
INC-0033,POOR_LIGHTING_HAZARD,MEDIUM,Poor Lighting Hazard near Pine Green Way 6,37.759313,-122.426819,2026-07-22T20:27:40.162011Z,PUBLIC_SAFETY_LOG
INC-0034,THEFT,HIGH,Theft near Pine Green Way 50,37.775277,-122.425497,2026-06-19T12:55:20.859314Z,POLICE_ARCHIVE
INC-0035,HARASSMENT,HIGH,Harassment near Shadow Alley 13,37.757333,-122.396459,2026-06-05T12:44:17.316684Z,POLICE_ARCHIVE
INC-0036,PHYSICAL_ASSAULT,HIGH,Physical Assault near Market Cross 11,37.757542,-122.40329,2026-04-05T09:59:24.089209Z,POLICE_ARCHIVE
INC-0037,HARASSMENT,MEDIUM,Harassment near Pine Green Way 77,37.791838,-122.435088,2026-07-10T22:57:14.534651Z,PUBLIC_SAFETY_LOG
INC-0038,VANDALISM,CRITICAL,Vandalism near Market Cross 83,37.791826,-122.414078,2026-08-06T14:58:19.105210Z,POLICE_ARCHIVE
INC-0039,VANDALISM,LOW,Vandalism near Market Cross 25,37.765549,-122.413905,2026-06-08T02:12:36.944999Z,PUBLIC_SAFETY_LOG
INC-0040,VANDALISM,MEDIUM,Vandalism near Market Cross 85,37.790035,-122.407458,2026-08-02T12:56:04.490359Z,PUBLIC_SAFETY_LOG
INC-0041,POOR_LIGHTING_HAZARD,MEDIUM,Poor Lighting Hazard near Market Cross 93,37.793818,-122.410806,2026-08-10T04:58:19.475455Z,PUBLIC_SAFETY_LOG
INC-0042,TRAFFIC_ACCIDENT,CRITICAL,Traffic Accident near Shadow Alley 30,37.763917,-122.396605,2026-07-27T01:52:54.074638Z,POLICE_ARCHIVE
INC-0043,HARASSMENT,MEDIUM,Harassment near Market Cross 60,37.780555,-122.393245,2026-07-30T17:22:33.649064Z,PUBLIC_SAFETY_LOG
INC-0044,SUSPICIOUS_ACTIVITY,LOW,Suspicious Activity near Pine Green Way 33,37.770545,-122.43451,2026-05-03T19:24:39.042928Z,PUBLIC_SAFETY_LOG
INC-0045,HARASSMENT,HIGH,Harassment near Grand Blvd Sec 37,37.769901,-122.419733,2026-07-23T07:28:34.790093Z,POLICE_ARCHIVE
INC-0046,POOR_LIGHTING_HAZARD,LOW,Poor Lighting Hazard near Market Cross 45,37.775242,-122.399383,2026-08-02T10:16:25.589198Z,PUBLIC_SAFETY_LOG
INC-0047,THEFT,HIGH,Theft near Pine Green Way 4,37.757715,-122.425895,2026-08-05T03:45:52.801142Z,POLICE_ARCHIVE
INC-0048,THEFT,MEDIUM,Theft near Pine Green Way 61,37.781321,-122.430068,2026-07-28T19:31:52.340335Z,PUBLIC_SAFETY_LOG
INC-0049,VANDALISM,HIGH,Vandalism near Pine Green Way 33,37.770402,-122.433105,2026-07-14T13:39:31.049411Z,POLICE_ARCHIVE
INC-0050,THEFT,HIGH,Theft near Industrial Way Sec 31,37.766312,-122.400178,2026-06-18T21:41:10.344644Z,POLICE_ARCHIVE
INC-0051,THEFT,HIGH,Theft near Pine Green Way 77,37.790968,-122.434882,2026-07-01T13:26:51.575491Z,POLICE_ARCHIVE
INC-0052,SUSPICIOUS_ACTIVITY,LOW,Suspicious Activity near Industrial Way Sec 31,37.767943,-122.399974,2026-07-22T13:17:42.546266Z,PUBLIC_SAFETY_LOG
INC-0053,POOR_LIGHTING_HAZARD,LOW,Poor Lighting Hazard near Pine Green Way 50,37.775175,-122.422296,2026-08-02T00:21:02.191931Z,PUBLIC_SAFETY_LOG
INC-0054,THEFT,HIGH,Theft near Market Cross 45,37.771859,-122.399896,2026-07-17T08:40:21.165862Z,POLICE_ARCHIVE
INC-0055,TRAFFIC_ACCIDENT,MEDIUM,Traffic Accident near Grand Blvd Sec 70,37.782273,-122.404459,2026-07-05T13:27:30.081800Z,PUBLIC_SAFETY_LOG
INC-0056,HARASSMENT,MEDIUM,Harassment near Pine Green Way 18,37.764749,-122.434939,2026-08-07T16:40:35.996516Z,PUBLIC_SAFETY_LOG
INC-0057,VANDALISM,MEDIUM,Vandalism near Grand Blvd Sec 41,37.770581,-122.400143,2026-07-21T00:07:11.739995Z,PUBLIC_SAFETY_LOG
INC-0058,POOR_LIGHTING_HAZARD,MEDIUM,Poor Lighting Hazard near Grand Blvd Sec 37,37.77008,-122.417838,2026-08-05T08:53:47.647959Z,PUBLIC_SAFETY_LOG
INC-0059,PHYSICAL_ASSAULT,CRITICAL,Physical Assault near Central Ave Sec 52,37.776155,-122.416094,2026-03-28T10:42:47.818651Z,POLICE_ARCHIVE
INC-0060,POOR_LIGHTING_HAZARD,MEDIUM,Poor Lighting Hazard near Grand Blvd Sec 67,37.784074,-122.42091,2026-07-29T21:44:34.138241Z,PUBLIC_SAFETY_LOG
INC-0061,TRAFFIC_ACCIDENT,CRITICAL,Traffic Accident near Industrial Way Sec 14,37.758189,-122.40009,2026-07-15T04:50:54.153290Z,POLICE_ARCHIVE
INC-0062,TRAFFIC_ACCIDENT,LOW,Traffic Accident near Market Cross 45,37.772927,-122.399455,2026-07-13T22:43:19.990259Z,PUBLIC_SAFETY_LOG
INC-0063,HARASSMENT,HIGH,Harassment near Market Cross 10,37.762524,-122.413999,2026-06-27T00:29:57.005709Z,POLICE_ARCHIVE
INC-0064,SUSPICIOUS_ACTIVITY,LOW,Suspicious Activity near Pine Green Way 5,37.758281,-122.428311,2026-08-02T22:15:59.411856Z,PUBLIC_SAFETY_LOG
INC-0065,POOR_LIGHTING_HAZARD,MEDIUM,Poor Lighting Hazard near Market Cross 87,37.788063,-122.396795,2026-08-18T06:36:53.693701Z,PUBLIC_SAFETY_LOG
INC-0066,PHYSICAL_ASSAULT,HIGH,Physical Assault near Grand Blvd Sec 41,37.77046,-122.402461,2026-06-28T19:03:51.962227Z,POLICE_ARCHIVE
INC-0067,PHYSICAL_ASSAULT,HIGH,Physical Assault near Pine Green Way 34,37.774519,-122.435338,2026-07-13T20:25:26.336021Z,POLICE_ARCHIVE
INC-0068,TRAFFIC_ACCIDENT,HIGH,Traffic Accident near Industrial Way Sec 16,37.757901,-122.393635,2026-07-02T13:32:11.562185Z,POLICE_ARCHIVE
INC-0069,TRAFFIC_ACCIDENT,MEDIUM,Traffic Accident near Market Cross 86,37.789422,-122.404882,2026-05-24T15:32:23.882865Z,PUBLIC_SAFETY_LOG
INC-0070,POOR_LIGHTING_HAZARD,MEDIUM,Poor Lighting Hazard near Market Cross 47,37.773182,-122.393388,2026-08-15T01:24:46.895556Z,PUBLIC_SAFETY_LOG
INC-0071,TRAFFIC_ACCIDENT,CRITICAL,Traffic Accident near Market Cross 60,37.780652,-122.39322,2026-08-17T15:59:45.679298Z,POLICE_ARCHIVE
INC-0072,THEFT,HIGH,Theft near Grand Blvd Sec 68,37.782243,-122.410739,2026-08-15T20:44:04.909293Z,POLICE_ARCHIVE
INC-0073,HARASSMENT,MEDIUM,Harassment near Market Cross 60,37.779893,-122.393046,2026-06-21T04:38:22.052707Z,PUBLIC_SAFETY_LOG
INC-0074,HARASSMENT,HIGH,Harassment near Central Ave Sec 56,37.775857,-122.403227,2026-07-23T01:58:40.570457Z,POLICE_ARCHIVE
INC-0075,HARASSMENT,HIGH,Harassment near Pine Green Way 91,37.794648,-122.426566,2026-08-08T04:55:23.560082Z,POLICE_ARCHIVE
INC-0076,HARASSMENT,MEDIUM,Harassment near Pine Green Way 17,37.763856,-122.430671,2026-07-10T21:55:41.302305Z,PUBLIC_SAFETY_LOG
INC-0077,VANDALISM,LOW,Vandalism near Market Cross 85,37.792058,-122.407295,2026-05-10T13:02:46.691933Z,PUBLIC_SAFETY_LOG
INC-0078,SUSPICIOUS_ACTIVITY,LOW,Suspicious Activity near Market Cross 11,37.757917,-122.407369,2026-07-09T18:35:59.306774Z,PUBLIC_SAFETY_LOG
INC-0079,VANDALISM,CRITICAL,Vandalism near Pine Green Way 64,37.787828,-122.428228,2026-08-06T22:49:57.302929Z,POLICE_ARCHIVE
INC-0080,POOR_LIGHTING_HAZARD,LOW,Poor Lighting Hazard near Grand Blvd Sec 39,37.770208,-122.41083,2026-07-30T14:01:53.601093Z,PUBLIC_SAFETY_LOG
INC-0081,VANDALISM,HIGH,Vandalism near Grand Blvd Sec 41,37.770499,-122.400642,2026-08-04T05:05:41.714029Z,POLICE_ARCHIVE
INC-0082,THEFT,MEDIUM,Theft near Central Ave Sec 66,37.782322,-122.416818,2026-08-08T22:00:49.041649Z,PUBLIC_SAFETY_LOG
INC-0083,POOR_LIGHTING_HAZARD,MEDIUM,Poor Lighting Hazard near Central Ave Sec 38,37.775218,-122.421327,2026-04-11T21:15:09.632854Z,PUBLIC_SAFETY_LOG
INC-0084,THEFT,MEDIUM,Theft near Market Cross 25,37.768546,-122.413855,2026-07-24T15:24:25.964037Z,PUBLIC_SAFETY_LOG
INC-0085,PHYSICAL_ASSAULT,CRITICAL,Physical Assault near Pine Green Way 51,37.778615,-122.428423,2026-08-04T04:49:47.234940Z,POLICE_ARCHIVE
INC-0086,VANDALISM,CRITICAL,Vandalism near Grand Blvd Sec 37,37.770061,-122.416875,2026-05-27T01:16:50.807449Z,POLICE_ARCHIVE
INC-0087,PHYSICAL_ASSAULT,CRITICAL,Physical Assault near Market Cross 47,37.770415,-122.393661,2026-08-03T06:40:16.781105Z,POLICE_ARCHIVE
INC-0088,POOR_LIGHTING_HAZARD,MEDIUM,Poor Lighting Hazard near Central Ave Sec 71,37.784164,-122.406723,2026-08-16T11:07:34.506070Z,PUBLIC_SAFETY_LOG
INC-0089,THEFT,MEDIUM,Theft near Central Ave Sec 72,37.787861,-122.400877,2026-07-23T12:50:06.539195Z,PUBLIC_SAFETY_LOG
INC-0090,POOR_LIGHTING_HAZARD,MEDIUM,Poor Lighting Hazard near Pine Green Way 18,37.768869,-122.434853,2026-08-14T13:00:39.370984Z,PUBLIC_SAFETY_LOG
INC-0091,SUSPICIOUS_ACTIVITY,MEDIUM,Suspicious Activity near Pine Green Way 21,37.766326,-122.427632,2026-07-15T22:23:17.638919Z,PUBLIC_SAFETY_LOG
INC-0092,SUSPICIOUS_ACTIVITY,MEDIUM,Suspicious Activity near Pine Green Way 91,37.793969,-122.424654,2026-08-05T10:17:49.864698Z,PUBLIC_SAFETY_LOG
INC-0093,VANDALISM,MEDIUM,Vandalism near Market Cross 93,37.794379,-122.407939,2026-08-08T10:52:15.504175Z,PUBLIC_SAFETY_LOG
INC-0094,VANDALISM,MEDIUM,Vandalism near Market Cross 93,37.793424,-122.413444,2026-07-01T01:42:20.473312Z,PUBLIC_SAFETY_LOG
INC-0095,PHYSICAL_ASSAULT,HIGH,Physical Assault near Pine Green Way 5,37.761106,-122.428231,2026-07-28T20:24:32.232443Z,POLICE_ARCHIVE
INC-0096,TRAFFIC_ACCIDENT,MEDIUM,Traffic Accident near Grand Blvd Sec 53,37.779131,-122.421076,2026-06-06T06:00:46.855942Z,PUBLIC_SAFETY_LOG
INC-0097,PHYSICAL_ASSAULT,CRITICAL,Physical Assault near Grand Blvd Sec 67,37.783846,-122.420792,2026-07-22T10:09:20.660427Z,POLICE_ARCHIVE
INC-0098,SUSPICIOUS_ACTIVITY,MEDIUM,Suspicious Activity near Grand Blvd Sec 70,37.782309,-122.404412,2026-07-10T12:02:59.365559Z,PUBLIC_SAFETY_LOG
INC-0099,POOR_LIGHTING_HAZARD,LOW,Poor Lighting Hazard near Market Cross 25,37.76949,-122.413987,2026-04-29T17:12:28.331353Z,PUBLIC_SAFETY_LOG
INC-0100,POOR_LIGHTING_HAZARD,LOW,Poor Lighting Hazard near Market Cross 89,37.792756,-122.39284,2026-05-04T03:39:18.844750Z,PUBLIC_SAFETY_LOG
INC-0101,THEFT,HIGH,Theft near Market Cross 74,37.785938,-122.400307,2026-06-14T06:04:30.168711Z,POLICE_ARCHIVE
INC-0102,VANDALISM,HIGH,Vandalism near Pine Green Way 92,37.793517,-122.421036,2026-06-27T09:05:25.139767Z,POLICE_ARCHIVE
INC-0103,TRAFFIC_ACCIDENT,MEDIUM,Traffic Accident near Central Ave Sec 72,37.786267,-122.402211,2026-07-17T00:22:31.080487Z,PUBLIC_SAFETY_LOG
INC-0104,HARASSMENT,MEDIUM,Harassment near Market Cross 82,37.788261,-122.412583,2026-07-26T04:18:10.085305Z,PUBLIC_SAFETY_LOG
INC-0105,TRAFFIC_ACCIDENT,MEDIUM,Traffic Accident near Central Ave Sec 71,37.787375,-122.407326,2026-05-27T23:49:12.304720Z,PUBLIC_SAFETY_LOG
INC-0106,SUSPICIOUS_ACTIVITY,LOW,Suspicious Activity near Grand Blvd Sec 37,37.770035,-122.418048,2026-08-17T03:45:50.101789Z,PUBLIC_SAFETY_LOG
INC-0107,PHYSICAL_ASSAULT,HIGH,Physical Assault near Pine Green Way 23,37.766955,-122.42097,2026-08-19T15:35:51.014453Z,POLICE_ARCHIVE
INC-0108,PHYSICAL_ASSAULT,CRITICAL,Physical Assault near Central Ave Sec 38,37.774512,-122.421191,2026-08-16T16:42:05.419620Z,POLICE_ARCHIVE
INC-0109,PHYSICAL_ASSAULT,CRITICAL,Physical Assault near Pine Green Way 18,37.769602,-122.434971,2026-08-16T15:28:06.398385Z,POLICE_ARCHIVE
INC-0110,SUSPICIOUS_ACTIVITY,MEDIUM,Suspicious Activity near Pine Green Way 92,37.793446,-122.420132,2026-07-18T20:30:46.706246Z,PUBLIC_SAFETY_LOG
INC-0111,POOR_LIGHTING_HAZARD,LOW,Poor Lighting Hazard near Grand Blvd Sec 55,37.779079,-122.413885,2026-08-13T07:20:23.905459Z,PUBLIC_SAFETY_LOG
INC-0112,TRAFFIC_ACCIDENT,LOW,Traffic Accident near Pine Green Way 1,37.757965,-122.43375,2026-04-20T01:40:25.529970Z,PUBLIC_SAFETY_LOG
INC-0113,PHYSICAL_ASSAULT,CRITICAL,Physical Assault near Pine Green Way 34,37.773907,-122.435338,2026-08-16T06:00:52.692620Z,POLICE_ARCHIVE
INC-0114,PHYSICAL_ASSAULT,HIGH,Physical Assault near Market Cross 89,37.789084,-122.392515,2026-07-14T05:26:07.635496Z,POLICE_ARCHIVE
INC-0115,SUSPICIOUS_ACTIVITY,LOW,Suspicious Activity near Market Cross 59,37.78011,-122.400417,2026-07-20T03:13:51.719311Z,PUBLIC_SAFETY_LOG
INC-0116,POOR_LIGHTING_HAZARD,LOW,Poor Lighting Hazard near Industrial Way Sec 32,37.768135,-122.393586,2026-07-22T03:31:45.767026Z,PUBLIC_SAFETY_LOG
INC-0117,HARASSMENT,HIGH,Harassment near Market Cross 73,37.781713,-122.39976,2026-08-11T22:00:26.359161Z,POLICE_ARCHIVE
INC-0118,VANDALISM,LOW,Vandalism near Grand Blvd Sec 67,37.78527,-122.420862,2026-07-25T03:17:34.699954Z,PUBLIC_SAFETY_LOG
INC-0119,POOR_LIGHTING_HAZARD,LOW,Poor Lighting Hazard near Market Cross 59,37.776377,-122.399467,2026-07-19T00:35:46.117540Z,PUBLIC_SAFETY_LOG
INC-0120,TRAFFIC_ACCIDENT,LOW,Traffic Accident near Pine Green Way 51,37.77669,-122.428481,2026-08-18T01:47:59.539317Z,PUBLIC_SAFETY_LOG
INC-0121,PHYSICAL_ASSAULT,HIGH,Physical Assault near Grand Blvd Sec 70,37.781746,-122.400955,2026-05-05T00:32:57.306150Z,POLICE_ARCHIVE
INC-0122,VANDALISM,CRITICAL,Vandalism near Pine Green Way 18,37.769268,-122.434798,2026-07-30T07:57:45.891805Z,POLICE_ARCHIVE
INC-0123,HARASSMENT,HIGH,Harassment near Pine Green Way 49,37.776225,-122.435131,2026-08-15T11:51:13.432757Z,POLICE_ARCHIVE
INC-0124,TRAFFIC_ACCIDENT,CRITICAL,Traffic Accident near Grand Blvd Sec 68,37.782341,-122.412661,2026-06-25T19:36:49.327244Z,POLICE_ARCHIVE
INC-0125,TRAFFIC_ACCIDENT,LOW,Traffic Accident near Grand Blvd Sec 69,37.784476,-122.413857,2026-08-14T15:09:49.034944Z,PUBLIC_SAFETY_LOG
INC-0126,HARASSMENT,MEDIUM,Harassment near Pine Green Way 5,37.762394,-122.427862,2026-05-27T13:43:49.190692Z,PUBLIC_SAFETY_LOG
INC-0127,THEFT,HIGH,Theft near Shadow Alley 13,37.757346,-122.396056,2026-05-31T01:05:34.643387Z,POLICE_ARCHIVE
INC-0128,HARASSMENT,HIGH,Harassment near Central Ave Sec 57,37.777262,-122.407107,2026-08-18T15:53:28.123676Z,POLICE_ARCHIVE
INC-0129,SUSPICIOUS_ACTIVITY,LOW,Suspicious Activity near Market Cross 74,37.785541,-122.4006,2026-08-07T02:26:09.467825Z,PUBLIC_SAFETY_LOG
INC-0130,TRAFFIC_ACCIDENT,CRITICAL,Traffic Accident near Grand Blvd Sec 53,37.777416,-122.421002,2026-05-28T17:07:59.691549Z,POLICE_ARCHIVE
INC-0131,TRAFFIC_ACCIDENT,CRITICAL,Traffic Accident near Central Ave Sec 72,37.785488,-122.403319,2026-07-07T11:24:13.736533Z,POLICE_ARCHIVE
INC-0132,VANDALISM,MEDIUM,Vandalism near Grand Blvd Sec 53,37.77642,-122.421167,2026-07-26T16:46:19.156269Z,PUBLIC_SAFETY_LOG
INC-0133,HARASSMENT,HIGH,Harassment near Market Cross 60,37.781263,-122.393138,2026-07-19T21:19:37.394248Z,POLICE_ARCHIVE
INC-0134,VANDALISM,MEDIUM,Vandalism near Market Cross 27,37.763902,-122.405164,2026-08-02T09:00:09.909433Z,PUBLIC_SAFETY_LOG
INC-0135,VANDALISM,MEDIUM,Vandalism near Pine Green Way 7,37.758515,-122.41905,2026-05-30T15:23:22.999840Z,PUBLIC_SAFETY_LOG
INC-0136,HARASSMENT,MEDIUM,Harassment near Pine Green Way 62,37.782903,-122.434641,2026-05-17T12:01:30.307887Z,PUBLIC_SAFETY_LOG
INC-0137,POOR_LIGHTING_HAZARD,MEDIUM,Poor Lighting Hazard near Pine Green Way 62,37.787097,-122.434239,2026-08-01T03:21:52.076181Z,PUBLIC_SAFETY_LOG
INC-0138,THEFT,HIGH,Theft near Pine Green Way 49,37.778379,-122.435086,2026-08-03T04:34:50.643440Z,POLICE_ARCHIVE
INC-0139,HARASSMENT,MEDIUM,Harassment near Grand Blvd Sec 41,37.770523,-122.400505,2026-07-19T06:31:03.852552Z,PUBLIC_SAFETY_LOG
INC-0140,HARASSMENT,HIGH,Harassment near Pine Green Way 34,37.773361,-122.435024,2026-08-07T09:46:46.955711Z,POLICE_ARCHIVE
INC-0141,VANDALISM,CRITICAL,Vandalism near Market Cross 73,37.781681,-122.394539,2026-07-06T02:39:31.607543Z,POLICE_ARCHIVE
INC-0142,TRAFFIC_ACCIDENT,CRITICAL,Traffic Accident near Market Cross 93,37.794072,-122.409648,2026-06-19T01:35:33.351091Z,POLICE_ARCHIVE
INC-0143,VANDALISM,LOW,Vandalism near Market Cross 24,37.763823,-122.408004,2026-08-19T03:58:37.537111Z,PUBLIC_SAFETY_LOG
INC-0144,HARASSMENT,MEDIUM,Harassment near Market Cross 86,37.787702,-122.4072,2026-07-12T16:54:44.490220Z,PUBLIC_SAFETY_LOG
INC-0145,PHYSICAL_ASSAULT,CRITICAL,Physical Assault near Market Cross 28,37.767124,-122.407129,2026-07-07T21:04:43.113562Z,POLICE_ARCHIVE
INC-0146,POOR_LIGHTING_HAZARD,LOW,Poor Lighting Hazard near Pine Green Way 3,37.758279,-122.435903,2026-07-22T03:46:01.792148Z,PUBLIC_SAFETY_LOG
INC-0147,THEFT,MEDIUM,Theft near Pine Green Way 65,37.78705,-122.422357,2026-05-17T06:47:12.122909Z,PUBLIC_SAFETY_LOG
INC-0148,POOR_LIGHTING_HAZARD,MEDIUM,Poor Lighting Hazard near Industrial Way Sec 31,37.765864,-122.400061,2026-08-08T17:16:22.210796Z,PUBLIC_SAFETY_LOG
INC-0149,VANDALISM,LOW,Vandalism near Market Cross 59,37.779179,-122.400229,2026-07-06T11:13:27.910193Z,PUBLIC_SAFETY_LOG
INC-0150,THEFT,HIGH,Theft near Market Cross 12,37.760205,-122.40768,2026-07-11T05:38:51.946267Z,POLICE_ARCHIVE
INC-0151,THEFT,MEDIUM,Theft near Central Ave Sec 56,37.775618,-122.402009,2026-03-28T05:13:35.855453Z,PUBLIC_SAFETY_LOG
INC-0152,POOR_LIGHTING_HAZARD,LOW,Poor Lighting Hazard near Market Cross 28,37.769934,-122.406857,2026-08-08T21:41:11.863868Z,PUBLIC_SAFETY_LOG
INC-0153,PHYSICAL_ASSAULT,HIGH,Physical Assault near Pine Green Way 23,37.769587,-122.420169,2026-07-16T08:04:50.843363Z,POLICE_ARCHIVE
INC-0154,PHYSICAL_ASSAULT,HIGH,Physical Assault near Grand Blvd Sec 39,37.769819,-122.412628,2026-08-01T05:25:07.254596Z,POLICE_ARCHIVE
INC-0155,VANDALISM,LOW,Vandalism near Market Cross 89,37.792957,-122.392601,2026-08-18T21:44:57.254586Z,PUBLIC_SAFETY_LOG
INC-0156,TRAFFIC_ACCIDENT,HIGH,Traffic Accident near Market Cross 44,37.770472,-122.396116,2026-04-04T09:35:26.472118Z,POLICE_ARCHIVE
INC-0157,TRAFFIC_ACCIDENT,CRITICAL,Traffic Accident near Market Cross 58,37.775869,-122.395948,2026-07-29T03:35:54.767138Z,POLICE_ARCHIVE
INC-0158,PHYSICAL_ASSAULT,HIGH,Physical Assault near Market Cross 11,37.757542,-122.401861,2026-08-18T06:31:20.106208Z,POLICE_ARCHIVE
INC-0159,VANDALISM,HIGH,Vandalism near Market Cross 95,37.793827,-122.397533,2026-04-28T12:08:13.915403Z,POLICE_ARCHIVE
INC-0160,THEFT,MEDIUM,Theft near Industrial Way Sec 14,37.758376,-122.400048,2026-07-19T18:08:01.456410Z,PUBLIC_SAFETY_LOG
INC-0161,PHYSICAL_ASSAULT,CRITICAL,Physical Assault near Market Cross 46,37.773753,-122.395855,2026-06-02T22:21:27.583722Z,POLICE_ARCHIVE
INC-0162,TRAFFIC_ACCIDENT,CRITICAL,Traffic Accident near Market Cross 11,37.757663,-122.40193,2026-08-09T20:52:12.794574Z,POLICE_ARCHIVE
INC-0163,PHYSICAL_ASSAULT,CRITICAL,Physical Assault near Pine Green Way 22,37.764415,-122.420667,2026-08-18T11:56:26.030295Z,POLICE_ARCHIVE
INC-0164,SUSPICIOUS_ACTIVITY,LOW,Suspicious Activity near Pine Green Way 62,37.786164,-122.434188,2026-06-30T23:11:51.281437Z,PUBLIC_SAFETY_LOG
INC-0165,VANDALISM,HIGH,Vandalism near Market Cross 59,37.776184,-122.399277,2026-08-04T16:55:34.044081Z,POLICE_ARCHIVE
INC-0166,POOR_LIGHTING_HAZARD,LOW,Poor Lighting Hazard near Central Ave Sec 57,37.77818,-122.407018,2026-03-28T03:37:11.395627Z,PUBLIC_SAFETY_LOG
INC-0167,PHYSICAL_ASSAULT,HIGH,Physical Assault near Pine Green Way 62,37.783565,-122.434338,2026-08-06T22:32:57.602758Z,POLICE_ARCHIVE
INC-0168,SUSPICIOUS_ACTIVITY,LOW,Suspicious Activity near Grand Blvd Sec 42,37.772634,-122.407099,2026-08-16T01:41:29.413146Z,PUBLIC_SAFETY_LOG
INC-0169,VANDALISM,HIGH,Vandalism near Market Cross 88,37.791903,-122.400143,2026-04-28T19:48:23.860572Z,POLICE_ARCHIVE
INC-0170,POOR_LIGHTING_HAZARD,LOW,Poor Lighting Hazard near Market Cross 89,37.788735,-122.392286,2026-07-07T18:16:56.625750Z,PUBLIC_SAFETY_LOG
INC-0171,SUSPICIOUS_ACTIVITY,MEDIUM,Suspicious Activity near Pine Green Way 33,37.7706,-122.429975,2026-08-17T18:41:49.568494Z,PUBLIC_SAFETY_LOG
INC-0172,VANDALISM,LOW,Vandalism near Grand Blvd Sec 69,37.785589,-122.413811,2026-07-20T19:07:41.184651Z,PUBLIC_SAFETY_LOG
INC-0173,TRAFFIC_ACCIDENT,CRITICAL,Traffic Accident near Industrial Way Sec 14,37.763135,-122.400257,2026-07-10T22:43:53.188733Z,POLICE_ARCHIVE
INC-0174,SUSPICIOUS_ACTIVITY,LOW,Suspicious Activity near Grand Blvd Sec 43,37.775424,-122.399755,2026-08-08T23:45:28.273294Z,PUBLIC_SAFETY_LOG
INC-0175,THEFT,HIGH,Theft near Market Cross 58,37.77584,-122.396807,2026-07-05T13:54:33.260383Z,POLICE_ARCHIVE
INC-0176,POOR_LIGHTING_HAZARD,MEDIUM,Poor Lighting Hazard near Industrial Way Sec 14,37.75984,-122.400237,2026-06-10T12:16:04.153134Z,PUBLIC_SAFETY_LOG
INC-0177,TRAFFIC_ACCIDENT,CRITICAL,Traffic Accident near Market Cross 44,37.770347,-122.397083,2026-07-26T04:29:21.228843Z,POLICE_ARCHIVE
INC-0178,THEFT,MEDIUM,Theft near Grand Blvd Sec 41,37.770348,-122.40626,2026-08-20T07:21:11.250192Z,PUBLIC_SAFETY_LOG
INC-0179,VANDALISM,CRITICAL,Vandalism near Market Cross 95,37.793535,-122.39856,2026-07-19T05:55:17.757822Z,POLICE_ARCHIVE
INC-0180,HARASSMENT,HIGH,Harassment near Pine Green Way 81,37.789245,-122.421297,2026-08-19T15:35:29.956157Z,POLICE_ARCHIVE
INC-0181,VANDALISM,LOW,Vandalism near Pine Green Way 76,37.787797,-122.43183,2026-08-07T15:57:25.979924Z,PUBLIC_SAFETY_LOG
INC-0182,POOR_LIGHTING_HAZARD,MEDIUM,Poor Lighting Hazard near Market Cross 74,37.78238,-122.400836,2026-08-05T07:07:38.725353Z,PUBLIC_SAFETY_LOG
INC-0183,POOR_LIGHTING_HAZARD,MEDIUM,Poor Lighting Hazard near Grand Blvd Sec 68,37.782458,-122.406847,2026-08-01T14:03:48.860529Z,PUBLIC_SAFETY_LOG
INC-0184,TRAFFIC_ACCIDENT,MEDIUM,Traffic Accident near Pine Green Way 80,37.78839,-122.419822,2026-05-12T12:51:51.168588Z,PUBLIC_SAFETY_LOG
INC-0185,PHYSICAL_ASSAULT,HIGH,Physical Assault near Grand Blvd Sec 41,37.770455,-122.40612,2026-07-04T16:31:46.120335Z,POLICE_ARCHIVE
INC-0186,HARASSMENT,MEDIUM,Harassment near Market Cross 74,37.783947,-122.400553,2026-07-04T11:57:26.875397Z,PUBLIC_SAFETY_LOG
INC-0187,PHYSICAL_ASSAULT,HIGH,Physical Assault near Pine Green Way 63,37.781718,-122.425914,2026-07-13T13:34:31.871098Z,POLICE_ARCHIVE
INC-0188,PHYSICAL_ASSAULT,CRITICAL,Physical Assault near Market Cross 25,37.769009,-122.413871,2026-07-24T10:38:18.369156Z,POLICE_ARCHIVE
INC-0189,HARASSMENT,HIGH,Harassment near Pine Green Way 63,37.781709,-122.426834,2026-08-11T15:30:30.965197Z,POLICE_ARCHIVE
INC-0190,SUSPICIOUS_ACTIVITY,LOW,Suspicious Activity near Pine Green Way 22,37.764517,-122.415351,2026-07-24T15:23:06.978500Z,PUBLIC_SAFETY_LOG
INC-0191,TRAFFIC_ACCIDENT,CRITICAL,Traffic Accident near Pine Green Way 35,37.770285,-122.421958,2026-06-13T09:56:00.033858Z,POLICE_ARCHIVE
INC-0192,VANDALISM,LOW,Vandalism near Grand Blvd Sec 70,37.782304,-122.405194,2026-07-09T22:41:48.128404Z,PUBLIC_SAFETY_LOG
INC-0193,VANDALISM,MEDIUM,Vandalism near Market Cross 58,37.775932,-122.397765,2026-06-02T07:42:03.677016Z,PUBLIC_SAFETY_LOG
INC-0194,HARASSMENT,MEDIUM,Harassment near Market Cross 27,37.76458,-122.401701,2026-07-02T04:39:29.747908Z,PUBLIC_SAFETY_LOG
INC-0195,HARASSMENT,HIGH,Harassment near Market Cross 27,37.76467,-122.401593,2026-07-21T10:54:30.323466Z,POLICE_ARCHIVE
INC-0196,THEFT,MEDIUM,Theft near Pine Green Way 91,37.794401,-122.425972,2026-07-22T20:35:42.810969Z,PUBLIC_SAFETY_LOG
INC-0197,HARASSMENT,HIGH,Harassment near Grand Blvd Sec 53,37.782377,-122.420676,2026-08-16T01:27:10.062243Z,POLICE_ARCHIVE
INC-0198,PHYSICAL_ASSAULT,CRITICAL,Physical Assault near Industrial Way Sec 32,37.768733,-122.393711,2026-07-17T20:21:57.931604Z,POLICE_ARCHIVE
INC-0199,TRAFFIC_ACCIDENT,HIGH,Traffic Accident near Market Cross 58,37.775791,-122.398705,2026-07-31T01:43:07.396717Z,POLICE_ARCHIVE
INC-0200,TRAFFIC_ACCIDENT,CRITICAL,Traffic Accident near Market Cross 59,37.781202,-122.400876,2026-06-22T04:34:37.567506Z,POLICE_ARCHIVE
INC-0201,VANDALISM,MEDIUM,Vandalism near Market Cross 82,37.787916,-122.409817,2026-07-21T19:36:54.253590Z,PUBLIC_SAFETY_LOG
INC-0202,PHYSICAL_ASSAULT,CRITICAL,Physical Assault near Pine Green Way 64,37.78351,-122.428286,2026-07-17T08:58:39.876215Z,POLICE_ARCHIVE
INC-0203,VANDALISM,MEDIUM,Vandalism near Market Cross 88,37.791883,-122.400184,2026-06-10T04:09:27.566921Z,PUBLIC_SAFETY_LOG
INC-0204,TRAFFIC_ACCIDENT,HIGH,Traffic Accident near Central Ave Sec 57,37.779073,-122.40708,2026-02-22T11:02:00.339836Z,POLICE_ARCHIVE
INC-0205,TRAFFIC_ACCIDENT,MEDIUM,Traffic Accident near Pine Green Way 21,37.769771,-122.427823,2026-08-03T16:29:40.242743Z,PUBLIC_SAFETY_LOG
INC-0206,TRAFFIC_ACCIDENT,LOW,Traffic Accident near Pine Green Way 7,37.758399,-122.418237,2026-08-10T03:47:34.636633Z,PUBLIC_SAFETY_LOG
INC-0207,THEFT,HIGH,Theft near Pine Green Way 1,37.75793,-122.434161,2026-07-22T18:28:01.922765Z,POLICE_ARCHIVE
INC-0208,TRAFFIC_ACCIDENT,LOW,Traffic Accident near Industrial Way Sec 16,37.763245,-122.39379,2026-08-18T05:21:36.564086Z,PUBLIC_SAFETY_LOG
INC-0209,TRAFFIC_ACCIDENT,MEDIUM,Traffic Accident near Industrial Way Sec 14,37.759953,-122.400221,2026-06-23T01:50:27.524187Z,PUBLIC_SAFETY_LOG
INC-0210,TRAFFIC_ACCIDENT,MEDIUM,Traffic Accident near Market Cross 9,37.758032,-122.410936,2026-07-28T11:57:13.997528Z,PUBLIC_SAFETY_LOG
INC-0211,THEFT,HIGH,Theft near Grand Blvd Sec 53,37.779911,-122.421111,2026-05-22T16:50:52.619687Z,POLICE_ARCHIVE
INC-0212,SUSPICIOUS_ACTIVITY,MEDIUM,Suspicious Activity near Market Cross 45,37.775367,-122.399467,2026-08-08T14:23:14.966484Z,PUBLIC_SAFETY_LOG
INC-0213,HARASSMENT,HIGH,Harassment near Market Cross 89,37.788453,-122.392229,2026-08-11T15:39:30.288056Z,POLICE_ARCHIVE
INC-0214,HARASSMENT,HIGH,Harassment near Central Ave Sec 38,37.773599,-122.420844,2026-08-10T05:13:21.671163Z,POLICE_ARCHIVE
INC-0215,PHYSICAL_ASSAULT,CRITICAL,Physical Assault near Market Cross 82,37.788057,-122.409919,2026-02-28T21:22:31.023134Z,POLICE_ARCHIVE
INC-0216,SUSPICIOUS_ACTIVITY,LOW,Suspicious Activity near Market Cross 47,37.773425,-122.393246,2026-02-27T17:25:14.992794Z,PUBLIC_SAFETY_LOG
INC-0217,TRAFFIC_ACCIDENT,CRITICAL,Traffic Accident near Pine Green Way 2,37.759617,-122.435718,2026-06-19T16:41:06.601696Z,POLICE_ARCHIVE
INC-0218,POOR_LIGHTING_HAZARD,LOW,Poor Lighting Hazard near Grand Blvd Sec 55,37.780173,-122.413843,2026-07-14T00:56:15.230466Z,PUBLIC_SAFETY_LOG
INC-0219,VANDALISM,LOW,Vandalism near Central Ave Sec 66,37.782336,-122.414402,2026-08-05T01:29:11.999476Z,PUBLIC_SAFETY_LOG
